{"cameraMode":{"drawMode":0,"name":"Shaded","section":"Shading Mode"},"sceneLighting":true,"audioPlay":false,"sceneViewState":{"showFog":true,"showMaterialUpdate":false,"showSkybox":true,"showFlares":true,"showImageEffects":true,"showParticleSystems":true},"in2DMode":false,"pivot":{"x":-0.7252655029296875,"y":24.709571838378908,"z":25.32187271118164},"rotation":{"x":0.049310192465782168,"y":0.6807419061660767,"z":-0.046019989997148517,"w":0.7294114828109741},"size":312.314453125,"orthographic":false}